[
    {
        "id": "001",
        "title": "001 Levante la bandera",
        "category": "coros",
        "downloaded": false,
        "filePath": "/storage/emulated/0/Música/Himnario/himnos/001 Levante la bandera",
        "url": "https://img.solt.gt/himnario/coros/001 Levante la bandera.mp3"
    },
    {
        "id": "002",
        "title": "002 Mirad que por los frutos",
        "category": "coros",
        "downloaded": false,
        "filePath": "/storage/emulated/0/Música/Himnario/himnos/002 Mirad que por los frutos",
        "url": "https://img.solt.gt/himnario/coros/002 Mirad que por los frutos.mp3"
    },
    {
        "id": "003",
        "title": "003 En mi corazon",
        "category": "coros",
        "downloaded": false,
        "filePath": "/storage/emulated/0/Música/Himnario/himnos/003 En mi corazon",
        "url": "https://img.solt.gt/himnario/coros/003 En mi corazon.mp3"
    },
    {
        "id": "004",
        "title": "004 Somos un pequeño pueblo",
        "category": "coros",
        "downloaded": false,
        "filePath": "/storage/emulated/0/Música/Himnario/himnos/004 Somos un pequeño pueblo",
        "url": "https://img.solt.gt/himnario/coros/004 Somos un pequeño pueblo.mp3"
    },
    {
        "id": "005",
        "title": "005 Hay perdón Por la Sangre de Jesús",
        "category": "coros",
        "downloaded": false,
        "filePath": "/storage/emulated/0/Música/Himnario/himnos/005 Hay perdón Por la Sangre de Jesús",
        "url": "https://img.solt.gt/himnario/coros/005 Hay perdón Por la Sangre de Jesús.mp3"
    },
    {
        "id": "006",
        "title": "006 Viene ya",
        "category": "coros",
        "downloaded": false,
        "filePath": "/storage/emulated/0/Música/Himnario/himnos/006 Viene ya",
        "url": "https://img.solt.gt/himnario/coros/006 Viene ya.mp3"
    },
    {
        "id": "008",
        "title": "008 Nunca nunca",
        "category": "coros",
        "downloaded": false,
        "filePath": "/storage/emulated/0/Música/Himnario/himnos/008 Nunca nunca",
        "url": "https://img.solt.gt/himnario/coros/008 Nunca nunca.mp3"
    },
    {
        "id": "009",
        "title": "009 Estoy seguro de ir al cielo",
        "category": "coros",
        "downloaded": false,
        "filePath": "/storage/emulated/0/Música/Himnario/himnos/009 Estoy seguro de ir al cielo",
        "url": "https://img.solt.gt/himnario/coros/009 Estoy seguro de ir al cielo.mp3"
    },
    {
        "id": "010",
        "title": "010 Yo tengo una corona",
        "category": "coros",
        "downloaded": false,
        "filePath": "/storage/emulated/0/Música/Himnario/himnos/010 Yo tengo una corona",
        "url": "https://img.solt.gt/himnario/coros/010 Yo tengo una corona.mp3"
    },
    {
        "id": "011",
        "title": "011 prediquemos la verdad",
        "category": "coros",
        "downloaded": false,
        "filePath": "/storage/emulated/0/Música/Himnario/himnos/011 prediquemos la verdad",
        "url": "https://img.solt.gt/himnario/coros/011 prediquemos la verdad.mp3"
    },
    {
        "id": "012",
        "title": "012 Día por día",
        "category": "coros",
        "downloaded": false,
        "filePath": "/storage/emulated/0/Música/Himnario/himnos/012 Día por día",
        "url": "https://img.solt.gt/himnario/coros/012 Día por día.mp3"
    },
    {
        "id": "013",
        "title": "013 Alguna tarde",
        "category": "coros",
        "downloaded": false,
        "filePath": "/storage/emulated/0/Música/Himnario/himnos/013 Alguna tarde",
        "url": "https://img.solt.gt/himnario/coros/013 Alguna tarde.mp3"
    },
    {
        "id": "014",
        "title": "014 Solo el poder de Dios",
        "category": "coros",
        "downloaded": false,
        "filePath": "/storage/emulated/0/Música/Himnario/himnos/014 Solo el poder de Dios",
        "url": "https://img.solt.gt/himnario/coros/014 Solo el poder de Dios.mp3"
    },
    {
        "id": "015",
        "title": "015 La luz del mundo es Jesús",
        "category": "coros",
        "downloaded": false,
        "filePath": "/storage/emulated/0/Música/Himnario/himnos/015 La luz del mundo es Jesús",
        "url": "https://img.solt.gt/himnario/coros/015 La luz del mundo es Jesús.mp3"
    },
    {
        "id": "016",
        "title": "016 la preciosa biblia",
        "category": "coros",
        "downloaded": false,
        "filePath": "/storage/emulated/0/Música/Himnario/himnos/016 la preciosa biblia",
        "url": "https://img.solt.gt/himnario/coros/016 la preciosa biblia.mp3"
    },
    {
        "id": "017",
        "title": "017 Con los angeles",
        "category": "coros",
        "downloaded": false,
        "filePath": "/storage/emulated/0/Música/Himnario/himnos/017 Con los angeles",
        "url": "https://img.solt.gt/himnario/coros/017 Con los angeles.mp3"
    },
    {
        "id": "018",
        "title": "018 Libre estoy",
        "category": "coros",
        "downloaded": false,
        "filePath": "/storage/emulated/0/Música/Himnario/himnos/018 Libre estoy",
        "url": "https://img.solt.gt/himnario/coros/018 Libre estoy.mp3"
    },
    {
        "id": "019",
        "title": "019 Perder los bienes",
        "category": "coros",
        "downloaded": false,
        "filePath": "/storage/emulated/0/Música/Himnario/himnos/019 Perder los bienes",
        "url": "https://img.solt.gt/himnario/coros/019 Perder los bienes.mp3"
    },
    {
        "id": "020",
        "title": "020 Estoy alegre",
        "category": "coros",
        "downloaded": false,
        "filePath": "/storage/emulated/0/Música/Himnario/himnos/020 Estoy alegre",
        "url": "https://img.solt.gt/himnario/coros/020 Estoy alegre.mp3"
    },
    {
        "id": "021",
        "title": "021 La Iglesia se va de esta tierra",
        "category": "coros",
        "downloaded": false,
        "filePath": "/storage/emulated/0/Música/Himnario/himnos/021 La Iglesia se va de esta tierra",
        "url": "https://img.solt.gt/himnario/coros/021 La Iglesia se va de esta tierra.mp3"
    },
    {
        "id": "022",
        "title": "022 Oh que regalo precioso",
        "category": "coros",
        "downloaded": false,
        "filePath": "/storage/emulated/0/Música/Himnario/himnos/022 Oh que regalo precioso",
        "url": "https://img.solt.gt/himnario/coros/022 Oh que regalo precioso.mp3"
    },
    {
        "id": "023",
        "title": "023 Gloria a Dios",
        "category": "coros",
        "downloaded": false,
        "filePath": "/storage/emulated/0/Música/Himnario/himnos/023 Gloria a Dios",
        "url": "https://img.solt.gt/himnario/coros/023 Gloria a Dios.mp3"
    },
    {
        "id": "024",
        "title": "024 Con Cristo en el Barco",
        "category": "coros",
        "downloaded": false,
        "filePath": "/storage/emulated/0/Música/Himnario/himnos/024 Con Cristo en el Barco",
        "url": "https://img.solt.gt/himnario/coros/024 Con Cristo en el Barco.mp3"
    },
    {
        "id": "025",
        "title": "025 Jesús no vino a condenar",
        "category": "coros",
        "downloaded": false,
        "filePath": "/storage/emulated/0/Música/Himnario/himnos/025 Jesús no vino a condenar",
        "url": "https://img.solt.gt/himnario/coros/025 Jesús no vino a condenar.mp3"
    },
    {
        "id": "026",
        "title": "026 He aquí, he aquí",
        "category": "coros",
        "downloaded": false,
        "filePath": "/storage/emulated/0/Música/Himnario/himnos/026 He aquí, he aquí",
        "url": "https://img.solt.gt/himnario/coros/026 He aquí, he aquí.mp3"
    },
    {
        "id": "027",
        "title": "027 La fuente de la Salvación",
        "category": "coros",
        "downloaded": false,
        "filePath": "/storage/emulated/0/Música/Himnario/himnos/027 La fuente de la Salvación",
        "url": "https://img.solt.gt/himnario/coros/027 La fuente de la Salvación.mp3"
    },
    {
        "id": "028",
        "title": "028 Soy Salvo, Señor",
        "category": "coros",
        "downloaded": false,
        "filePath": "/storage/emulated/0/Música/Himnario/himnos/028 Soy Salvo, Señor",
        "url": "https://img.solt.gt/himnario/coros/028 Soy Salvo, Señor.mp3"
    },
    {
        "id": "029",
        "title": "029 En la Roca Eterna",
        "category": "coros",
        "downloaded": false,
        "filePath": "/storage/emulated/0/Música/Himnario/himnos/029 En la Roca Eterna",
        "url": "https://img.solt.gt/himnario/coros/029 En la Roca Eterna.mp3"
    },
    {
        "id": "030",
        "title": "030 Al cielo voy",
        "category": "coros",
        "downloaded": false,
        "filePath": "/storage/emulated/0/Música/Himnario/himnos/030 Al cielo voy",
        "url": "https://img.solt.gt/himnario/coros/030 Al cielo voy.mp3"
    },
    {
        "id": "032",
        "title": "032 Festejando del Pan de Vida",
        "category": "coros",
        "downloaded": false,
        "filePath": "/storage/emulated/0/Música/Himnario/himnos/032 Festejando del Pan de Vida",
        "url": "https://img.solt.gt/himnario/coros/032 Festejando del Pan de Vida.mp3"
    },
    {
        "id": "033",
        "title": "033 Jesús le dio el agua",
        "category": "coros",
        "downloaded": false,
        "filePath": "/storage/emulated/0/Música/Himnario/himnos/033 Jesús le dio el agua",
        "url": "https://img.solt.gt/himnario/coros/033 Jesús le dio el agua.mp3"
    },
    {
        "id": "034",
        "title": "034 Amor del Santo Dios",
        "category": "coros",
        "downloaded": false,
        "filePath": "/storage/emulated/0/Música/Himnario/himnos/034 Amor del Santo Dios",
        "url": "https://img.solt.gt/himnario/coros/034 Amor del Santo Dios.mp3"
    },
    {
        "id": "035",
        "title": "035 La hermosura de Cristo",
        "category": "coros",
        "downloaded": false,
        "filePath": "/storage/emulated/0/Música/Himnario/himnos/035 La hermosura de Cristo",
        "url": "https://img.solt.gt/himnario/coros/035 La hermosura de Cristo.mp3"
    },
    {
        "id": "036",
        "title": "036 Ancho cual oceano",
        "category": "coros",
        "downloaded": false,
        "filePath": "/storage/emulated/0/Música/Himnario/himnos/036 Ancho cual oceano",
        "url": "https://img.solt.gt/himnario/coros/036 Ancho cual oceano.mp3"
    },
    {
        "id": "037",
        "title": "037 Buscad, pecadores",
        "category": "coros",
        "downloaded": false,
        "filePath": "/storage/emulated/0/Música/Himnario/himnos/037 Buscad, pecadores",
        "url": "https://img.solt.gt/himnario/coros/037 Buscad, pecadores.mp3"
    },
    {
        "id": "038",
        "title": "038 Cada día que pasa",
        "category": "coros",
        "downloaded": false,
        "filePath": "/storage/emulated/0/Música/Himnario/himnos/038 Cada día que pasa",
        "url": "https://img.solt.gt/himnario/coros/038 Cada día que pasa.mp3"
    },
    {
        "id": "039",
        "title": "039 Cristo dice",
        "category": "coros",
        "downloaded": false,
        "filePath": "/storage/emulated/0/Música/Himnario/himnos/039 Cristo dice",
        "url": "https://img.solt.gt/himnario/coros/039 Cristo dice.mp3"
    },
    {
        "id": "040",
        "title": "040 Cristo ha sacado mis pies",
        "category": "coros",
        "downloaded": false,
        "filePath": "/storage/emulated/0/Música/Himnario/himnos/040 Cristo ha sacado mis pies",
        "url": "https://img.solt.gt/himnario/coros/040 Cristo ha sacado mis pies.mp3"
    },
    {
        "id": "041",
        "title": "041 Cristo mi Salvador",
        "category": "coros",
        "downloaded": false,
        "filePath": "/storage/emulated/0/Música/Himnario/himnos/041 Cristo mi Salvador",
        "url": "https://img.solt.gt/himnario/coros/041 Cristo mi Salvador.mp3"
    },
    {
        "id": "042",
        "title": "042 Dios dice en su Palabra",
        "category": "coros",
        "downloaded": false,
        "filePath": "/storage/emulated/0/Música/Himnario/himnos/042 Dios dice en su Palabra",
        "url": "https://img.solt.gt/himnario/coros/042 Dios dice en su Palabra.mp3"
    },
    {
        "id": "043",
        "title": "043 Dios de tal manera",
        "category": "coros",
        "downloaded": false,
        "filePath": "/storage/emulated/0/Música/Himnario/himnos/043 Dios de tal manera",
        "url": "https://img.solt.gt/himnario/coros/043 Dios de tal manera.mp3"
    },
    {
        "id": "044",
        "title": "044 En Cristo tengo redencion",
        "category": "coros",
        "downloaded": false,
        "filePath": "/storage/emulated/0/Música/Himnario/himnos/044 En Cristo tengo redencion",
        "url": "https://img.solt.gt/himnario/coros/044 En Cristo tengo redencion.mp3"
    },
    {
        "id": "045",
        "title": "045 En Jesucristo tan solo",
        "category": "coros",
        "downloaded": false,
        "filePath": "/storage/emulated/0/Música/Himnario/himnos/045 En Jesucristo tan solo",
        "url": "https://img.solt.gt/himnario/coros/045 En Jesucristo tan solo.mp3"
    },
    {
        "id": "046",
        "title": "046 En verdad en verdad",
        "category": "coros",
        "downloaded": false,
        "filePath": "/storage/emulated/0/Música/Himnario/himnos/046 En verdad en verdad",
        "url": "https://img.solt.gt/himnario/coros/046 En verdad en verdad.mp3"
    },
    {
        "id": "047",
        "title": "047 Es el tiempo aceptable",
        "category": "coros",
        "downloaded": false,
        "filePath": "/storage/emulated/0/Música/Himnario/himnos/047 Es el tiempo aceptable",
        "url": "https://img.solt.gt/himnario/coros/047 Es el tiempo aceptable.mp3"
    },
    {
        "id": "048",
        "title": "048 En Jesús pongo mi fe",
        "category": "coros",
        "downloaded": false,
        "filePath": "/storage/emulated/0/Música/Himnario/himnos/048 En Jesús pongo mi fe",
        "url": "https://img.solt.gt/himnario/coros/048 En Jesús pongo mi fe.mp3"
    },
    {
        "id": "049",
        "title": "049 Fe la victoria es",
        "category": "coros",
        "downloaded": false,
        "filePath": "/storage/emulated/0/Música/Himnario/himnos/049 Fe la victoria es",
        "url": "https://img.solt.gt/himnario/coros/049 Fe la victoria es.mp3"
    },
    {
        "id": "050",
        "title": "050 Hablame, Señor a mí",
        "category": "coros",
        "downloaded": false,
        "filePath": "/storage/emulated/0/Música/Himnario/himnos/050 Hablame, Señor a mí",
        "url": "https://img.solt.gt/himnario/coros/050 Hablame, Señor a mí.mp3"
    },
    {
        "id": "051",
        "title": "051 Gozo inefable inunda mi alma",
        "category": "coros",
        "downloaded": false,
        "filePath": "/storage/emulated/0/Música/Himnario/himnos/051 Gozo inefable inunda mi alma",
        "url": "https://img.solt.gt/himnario/coros/051 Gozo inefable inunda mi alma.mp3"
    },
    {
        "id": "052",
        "title": "052 Gozo y paz",
        "category": "coros",
        "downloaded": false,
        "filePath": "/storage/emulated/0/Música/Himnario/himnos/052 Gozo y paz",
        "url": "https://img.solt.gt/himnario/coros/052 Gozo y paz.mp3"
    },
    {
        "id": "053",
        "title": "053 Gracias , Señor",
        "category": "coros",
        "downloaded": false,
        "filePath": "/storage/emulated/0/Música/Himnario/himnos/053 Gracias , Señor",
        "url": "https://img.solt.gt/himnario/coros/053 Gracias , Señor.mp3"
    },
    {
        "id": "054",
        "title": "054 Grande amor",
        "category": "coros",
        "downloaded": false,
        "filePath": "/storage/emulated/0/Música/Himnario/himnos/054 Grande amor",
        "url": "https://img.solt.gt/himnario/coros/054 Grande amor.mp3"
    },
    {
        "id": "055",
        "title": "055 Hasta el Calvario",
        "category": "coros",
        "downloaded": false,
        "filePath": "/storage/emulated/0/Música/Himnario/himnos/055 Hasta el Calvario",
        "url": "https://img.solt.gt/himnario/coros/055 Hasta el Calvario.mp3"
    },
    {
        "id": "056",
        "title": "056 Hoy, ayer y por los siglos",
        "category": "coros",
        "downloaded": false,
        "filePath": "/storage/emulated/0/Música/Himnario/himnos/056 Hoy, ayer y por los siglos",
        "url": "https://img.solt.gt/himnario/coros/056 Hoy, ayer y por los siglos.mp3"
    },
    {
        "id": "057",
        "title": "057 Juan tres diesiseis",
        "category": "coros",
        "downloaded": false,
        "filePath": "/storage/emulated/0/Música/Himnario/himnos/057 Juan tres diesiseis",
        "url": "https://img.solt.gt/himnario/coros/057 Juan tres diesiseis.mp3"
    },
    {
        "id": "058",
        "title": "058 La peña segura es Cristo",
        "category": "coros",
        "downloaded": false,
        "filePath": "/storage/emulated/0/Música/Himnario/himnos/058 La peña segura es Cristo",
        "url": "https://img.solt.gt/himnario/coros/058 La peña segura es Cristo.mp3"
    },
    {
        "id": "059",
        "title": "059 Navego con mi Cristo",
        "category": "coros",
        "downloaded": false,
        "filePath": "/storage/emulated/0/Música/Himnario/himnos/059 Navego con mi Cristo",
        "url": "https://img.solt.gt/himnario/coros/059 Navego con mi Cristo.mp3"
    },
    {
        "id": "060",
        "title": "060 Los que esperan a Jehová",
        "category": "coros",
        "downloaded": false,
        "filePath": "/storage/emulated/0/Música/Himnario/himnos/060 Los que esperan a Jehová",
        "url": "https://img.solt.gt/himnario/coros/060 Los que esperan a Jehová.mp3"
    },
    {
        "id": "061",
        "title": "061 No hay otro nombre",
        "category": "coros",
        "downloaded": false,
        "filePath": "/storage/emulated/0/Música/Himnario/himnos/061 No hay otro nombre",
        "url": "https://img.solt.gt/himnario/coros/061 No hay otro nombre.mp3"
    },
    {
        "id": "062",
        "title": "062 oh, ven a conocer",
        "category": "coros",
        "downloaded": false,
        "filePath": "/storage/emulated/0/Música/Himnario/himnos/062 oh, ven a conocer",
        "url": "https://img.solt.gt/himnario/coros/062 oh, ven a conocer.mp3"
    },
    {
        "id": "063",
        "title": "063 Padre benigno",
        "category": "coros",
        "downloaded": false,
        "filePath": "/storage/emulated/0/Música/Himnario/himnos/063 Padre benigno",
        "url": "https://img.solt.gt/himnario/coros/063 Padre benigno.mp3"
    },
    {
        "id": "064",
        "title": "064 Por la sangre",
        "category": "coros",
        "downloaded": false,
        "filePath": "/storage/emulated/0/Música/Himnario/himnos/064 Por la sangre",
        "url": "https://img.solt.gt/himnario/coros/064 Por la sangre.mp3"
    },
    {
        "id": "065",
        "title": "065 Procura con diligencia",
        "category": "coros",
        "downloaded": false,
        "filePath": "/storage/emulated/0/Música/Himnario/himnos/065 Procura con diligencia",
        "url": "https://img.solt.gt/himnario/coros/065 Procura con diligencia.mp3"
    },
    {
        "id": "066",
        "title": "066 Qué harás tú con Cristo",
        "category": "coros",
        "downloaded": false,
        "filePath": "/storage/emulated/0/Música/Himnario/himnos/066 Qué harás tú con Cristo",
        "url": "https://img.solt.gt/himnario/coros/066 Qué harás tú con Cristo.mp3"
    },
    {
        "id": "067",
        "title": "067 Que maravilla que Cristo",
        "category": "coros",
        "downloaded": false,
        "filePath": "/storage/emulated/0/Música/Himnario/himnos/067 Que maravilla que Cristo",
        "url": "https://img.solt.gt/himnario/coros/067 Que maravilla que Cristo.mp3"
    },
    {
        "id": "068",
        "title": "068 Quien nos puede perdonar",
        "category": "coros",
        "downloaded": false,
        "filePath": "/storage/emulated/0/Música/Himnario/himnos/068 Quien nos puede perdonar",
        "url": "https://img.solt.gt/himnario/coros/068 Quien nos puede perdonar.mp3"
    },
    {
        "id": "069",
        "title": "069 Rebosando rebosando",
        "category": "coros",
        "downloaded": false,
        "filePath": "/storage/emulated/0/Música/Himnario/himnos/069 Rebosando rebosando",
        "url": "https://img.solt.gt/himnario/coros/069 Rebosando rebosando.mp3"
    },
    {
        "id": "070",
        "title": "070 Recuerdo Jesús murió por mi",
        "category": "coros",
        "downloaded": false,
        "filePath": "/storage/emulated/0/Música/Himnario/himnos/070 Recuerdo Jesús murió por mi",
        "url": "https://img.solt.gt/himnario/coros/070 Recuerdo Jesús murió por mi.mp3"
    },
    {
        "id": "071",
        "title": "071 Señor a tu hijo habla",
        "category": "coros",
        "downloaded": false,
        "filePath": "/storage/emulated/0/Música/Himnario/himnos/071 Señor a tu hijo habla",
        "url": "https://img.solt.gt/himnario/coros/071 Señor a tu hijo habla.mp3"
    },
    {
        "id": "072",
        "title": "072 Señor Jesucristo",
        "category": "coros",
        "downloaded": false,
        "filePath": "/storage/emulated/0/Música/Himnario/himnos/072 Señor Jesucristo",
        "url": "https://img.solt.gt/himnario/coros/072 Señor Jesucristo.mp3"
    },
    {
        "id": "073",
        "title": "073 Son borrados por Jesús",
        "category": "coros",
        "downloaded": false,
        "filePath": "/storage/emulated/0/Música/Himnario/himnos/073 Son borrados por Jesús",
        "url": "https://img.solt.gt/himnario/coros/073 Son borrados por Jesús.mp3"
    },
    {
        "id": "074",
        "title": "074 Soy alegre",
        "category": "coros",
        "downloaded": false,
        "filePath": "/storage/emulated/0/Música/Himnario/himnos/074 Soy alegre",
        "url": "https://img.solt.gt/himnario/coros/074 Soy alegre.mp3"
    },
    {
        "id": "075",
        "title": "075 Gloria gloria aleluya",
        "category": "coros",
        "downloaded": false,
        "filePath": "/storage/emulated/0/Música/Himnario/himnos/075 Gloria gloria aleluya",
        "url": "https://img.solt.gt/himnario/coros/075 Gloria gloria aleluya.mp3"
    },
    {
        "id": "076",
        "title": "076 Va a haber una reunión",
        "category": "coros",
        "downloaded": false,
        "filePath": "/storage/emulated/0/Música/Himnario/himnos/076 Va a haber una reunión",
        "url": "https://img.solt.gt/himnario/coros/076 Va a haber una reunión.mp3"
    },
    {
        "id": "077",
        "title": "077 Yo tengo gozo",
        "category": "coros",
        "downloaded": false,
        "filePath": "/storage/emulated/0/Música/Himnario/himnos/077 Yo tengo gozo",
        "url": "https://img.solt.gt/himnario/coros/077 Yo tengo gozo.mp3"
    },
    {
        "id": "078",
        "title": "078 Todos deben Conocer",
        "category": "coros",
        "downloaded": false,
        "filePath": "/storage/emulated/0/Música/Himnario/himnos/078 Todos deben Conocer",
        "url": "https://img.solt.gt/himnario/coros/078 Todos deben Conocer.mp3"
    },
    {
        "id": "079",
        "title": "079 Por qué te afanas",
        "category": "coros",
        "downloaded": false,
        "filePath": "/storage/emulated/0/Música/Himnario/himnos/079 Por qué te afanas",
        "url": "https://img.solt.gt/himnario/coros/079 Por qué te afanas.mp3"
    },
    {
        "id": "080",
        "title": "080 El río del Jordán",
        "category": "coros",
        "downloaded": false,
        "filePath": "/storage/emulated/0/Música/Himnario/himnos/080 El río del Jordán",
        "url": "https://img.solt.gt/himnario/coros/080 El río del Jordán.mp3"
    },
    {
        "id": "081",
        "title": "081 Zaqueo",
        "category": "coros",
        "downloaded": false,
        "filePath": "/storage/emulated/0/Música/Himnario/himnos/081 Zaqueo",
        "url": "https://img.solt.gt/himnario/coros/081 Zaqueo.mp3"
    },
    {
        "id": "082",
        "title": "082 Admirable es Jesús",
        "category": "coros",
        "downloaded": false,
        "filePath": "/storage/emulated/0/Música/Himnario/himnos/082 Admirable es Jesús",
        "url": "https://img.solt.gt/himnario/coros/082 Admirable es Jesús.mp3"
    },
    {
        "id": "083",
        "title": "083 Dios grande es tu amor",
        "category": "coros",
        "downloaded": false,
        "filePath": "/storage/emulated/0/Música/Himnario/himnos/083 Dios grande es tu amor",
        "url": "https://img.solt.gt/himnario/coros/083 Dios grande es tu amor.mp3"
    },
    {
        "id": "084",
        "title": "084 Las promesas del Señor",
        "category": "coros",
        "downloaded": false,
        "filePath": "/storage/emulated/0/Música/Himnario/himnos/084 Las promesas del Señor",
        "url": "https://img.solt.gt/himnario/coros/084 Las promesas del Señor.mp3"
    },
    {
        "id": "085",
        "title": "085 Soy libertado",
        "category": "coros",
        "downloaded": false,
        "filePath": "/storage/emulated/0/Música/Himnario/himnos/085 Soy libertado",
        "url": "https://img.solt.gt/himnario/coros/085 Soy libertado.mp3"
    },
    {
        "id": "086",
        "title": "086 Jamás me siento solo",
        "category": "coros",
        "downloaded": false,
        "filePath": "/storage/emulated/0/Música/Himnario/himnos/086 Jamás me siento solo",
        "url": "https://img.solt.gt/himnario/coros/086 Jamás me siento solo.mp3"
    },
    {
        "id": "087",
        "title": "087 Los días de la semana",
        "category": "coros",
        "downloaded": false,
        "filePath": "/storage/emulated/0/Música/Himnario/himnos/087 Los días de la semana",
        "url": "https://img.solt.gt/himnario/coros/087 Los días de la semana.mp3"
    },
    {
        "id": "088",
        "title": "088 La casa del sabio",
        "category": "coros",
        "downloaded": false,
        "filePath": "/storage/emulated/0/Música/Himnario/himnos/088 La casa del sabio",
        "url": "https://img.solt.gt/himnario/coros/088 La casa del sabio.mp3"
    },
    {
        "id": "089",
        "title": "089 El Dios Eterno",
        "category": "coros",
        "downloaded": false,
        "filePath": "/storage/emulated/0/Música/Himnario/himnos/089 El Dios Eterno",
        "url": "https://img.solt.gt/himnario/coros/089 El Dios Eterno.mp3"
    },
    {
        "id": "090",
        "title": "090 Cristo es la roca de poder",
        "category": "coros",
        "downloaded": false,
        "filePath": "/storage/emulated/0/Música/Himnario/himnos/090 Cristo es la roca de poder",
        "url": "https://img.solt.gt/himnario/coros/090 Cristo es la roca de poder.mp3"
    },
    {
        "id": "091",
        "title": "091 Cada día con Cristo",
        "category": "coros",
        "downloaded": false,
        "filePath": "/storage/emulated/0/Música/Himnario/himnos/091 Cada día con Cristo",
        "url": "https://img.solt.gt/himnario/coros/091 Cada día con Cristo.mp3"
    },
    {
        "id": "092",
        "title": "092 ¡Qué glorioso es andar con Él!",
        "category": "coros",
        "downloaded": false,
        "filePath": "/storage/emulated/0/Música/Himnario/himnos/092 ¡Qué glorioso es andar con Él!",
        "url": "https://img.solt.gt/himnario/coros/092 ¡Qué glorioso es andar con Él!.mp3"
    },
    {
        "id": "093",
        "title": "093 Viene el dia",
        "category": "coros",
        "downloaded": false,
        "filePath": "/storage/emulated/0/Música/Himnario/himnos/093 Viene el dia",
        "url": "https://img.solt.gt/himnario/coros/093 Viene el dia.mp3"
    },
    {
        "id": "094",
        "title": "094 Cristo viene",
        "category": "coros",
        "downloaded": false,
        "filePath": "/storage/emulated/0/Música/Himnario/himnos/094 Cristo viene",
        "url": "https://img.solt.gt/himnario/coros/094 Cristo viene.mp3"
    },
    {
        "id": "095",
        "title": "095 Cristo me ama",
        "category": "coros",
        "downloaded": false,
        "filePath": "/storage/emulated/0/Música/Himnario/himnos/095 Cristo me ama",
        "url": "https://img.solt.gt/himnario/coros/095 Cristo me ama.mp3"
    },
    {
        "id": "096",
        "title": "096 Allá en el monte Horeb",
        "category": "coros",
        "downloaded": false,
        "filePath": "/storage/emulated/0/Música/Himnario/himnos/096 Allá en el monte Horeb",
        "url": "https://img.solt.gt/himnario/coros/096 Allá en el monte Horeb.mp3"
    },
    {
        "id": "097",
        "title": "097 Mira que te mando",
        "category": "coros",
        "downloaded": false,
        "filePath": "/storage/emulated/0/Música/Himnario/himnos/097 Mira que te mando",
        "url": "https://img.solt.gt/himnario/coros/097 Mira que te mando.mp3"
    },
    {
        "id": "098",
        "title": "098 Maravilloso es",
        "category": "coros",
        "downloaded": false,
        "filePath": "/storage/emulated/0/Música/Himnario/himnos/098 Maravilloso es",
        "url": "https://img.solt.gt/himnario/coros/098 Maravilloso es.mp3"
    },
    {
        "id": "099",
        "title": "099 Ciertamente volverán los redimidos",
        "category": "coros",
        "downloaded": false,
        "filePath": "/storage/emulated/0/Música/Himnario/himnos/099 Ciertamente volverán los redimidos",
        "url": "https://img.solt.gt/himnario/coros/099 Ciertamente volverán los redimidos.mp3"
    },
    {
        "id": "100",
        "title": "100 Tú eres, Tú eres, Señor",
        "category": "coros",
        "downloaded": false,
        "filePath": "/storage/emulated/0/Música/Himnario/himnos/100 Tú eres, Tú eres, Señor",
        "url": "https://img.solt.gt/himnario/coros/100 Tú eres, Tú eres, Señor.mp3"
    },
    {
        "id": "101",
        "title": "101 Dios está aquí",
        "category": "coros",
        "downloaded": false,
        "filePath": "/storage/emulated/0/Música/Himnario/himnos/101 Dios está aquí",
        "url": "https://img.solt.gt/himnario/coros/101 Dios está aquí.mp3"
    },
    {
        "id": "102",
        "title": "102 La gloria de Dios",
        "category": "coros",
        "downloaded": false,
        "filePath": "/storage/emulated/0/Música/Himnario/himnos/102 La gloria de Dios",
        "url": "https://img.solt.gt/himnario/coros/102 La gloria de Dios.mp3"
    },
    {
        "id": "103",
        "title": "103 Una sola puerta hay",
        "category": "coros",
        "downloaded": false,
        "filePath": "/storage/emulated/0/Música/Himnario/himnos/103 Una sola puerta hay",
        "url": "https://img.solt.gt/himnario/coros/103 Una sola puerta hay.mp3"
    },
    {
        "id": "104",
        "title": "104 En las luchas",
        "category": "coros",
        "downloaded": false,
        "filePath": "/storage/emulated/0/Música/Himnario/himnos/104 En las luchas",
        "url": "https://img.solt.gt/himnario/coros/104 En las luchas.mp3"
    },
    {
        "id": "105",
        "title": "105 El amor de Dios",
        "category": "coros",
        "downloaded": false,
        "filePath": "/storage/emulated/0/Música/Himnario/himnos/105 El amor de Dios",
        "url": "https://img.solt.gt/himnario/coros/105 El amor de Dios.mp3"
    },
    {
        "id": "106",
        "title": "106 Estad siempre gozosos",
        "category": "coros",
        "downloaded": false,
        "filePath": "/storage/emulated/0/Música/Himnario/himnos/106 Estad siempre gozosos",
        "url": "https://img.solt.gt/himnario/coros/106 Estad siempre gozosos.mp3"
    },
    {
        "id": "107",
        "title": "107 Mirad cuál amor",
        "category": "coros",
        "downloaded": false,
        "filePath": "/storage/emulated/0/Música/Himnario/himnos/107 Mirad cuál amor",
        "url": "https://img.solt.gt/himnario/coros/107 Mirad cuál amor.mp3"
    },
    {
        "id": "108",
        "title": "108 Cuando los santos marchen ya",
        "category": "coros",
        "downloaded": false,
        "filePath": "/storage/emulated/0/Música/Himnario/himnos/108 Cuando los santos marchen ya",
        "url": "https://img.solt.gt/himnario/coros/108 Cuando los santos marchen ya.mp3"
    },
    {
        "id": "109",
        "title": "109 Lámpara es a mis pies tu Palabra",
        "category": "coros",
        "downloaded": false,
        "filePath": "/storage/emulated/0/Música/Himnario/himnos/109 Lámpara es a mis pies tu Palabra",
        "url": "https://img.solt.gt/himnario/coros/109 Lámpara es a mis pies tu Palabra.mp3"
    },
    {
        "id": "110",
        "title": "110 Estoy confiando",
        "category": "coros",
        "downloaded": false,
        "filePath": "/storage/emulated/0/Música/Himnario/himnos/110 Estoy confiando",
        "url": "https://img.solt.gt/himnario/coros/110 Estoy confiando.mp3"
    },
    {
        "id": "111",
        "title": "111 Jehová, tu eres mi Dios",
        "category": "coros",
        "downloaded": false,
        "filePath": "/storage/emulated/0/Música/Himnario/himnos/111 Jehová, tu eres mi Dios",
        "url": "https://img.solt.gt/himnario/coros/111 Jehová, tu eres mi Dios.mp3"
    },
    {
        "id": "112",
        "title": "112 Cruzando un valle voy",
        "category": "coros",
        "downloaded": false,
        "filePath": "/storage/emulated/0/Música/Himnario/himnos/112 Cruzando un valle voy",
        "url": "https://img.solt.gt/himnario/coros/112 Cruzando un valle voy.mp3"
    },
    {
        "id": "113",
        "title": "113 A ti, oh Jehová",
        "category": "coros",
        "downloaded": false,
        "filePath": "/storage/emulated/0/Música/Himnario/himnos/113 A ti, oh Jehová",
        "url": "https://img.solt.gt/himnario/coros/113 A ti, oh Jehová.mp3"
    },
    {
        "id": "114",
        "title": "114 Jehová es mi luz",
        "category": "coros",
        "downloaded": false,
        "filePath": "/storage/emulated/0/Música/Himnario/himnos/114 Jehová es mi luz",
        "url": "https://img.solt.gt/himnario/coros/114 Jehová es mi luz.mp3"
    },
    {
        "id": "115",
        "title": "115 Bendeciré a Jehová",
        "category": "coros",
        "downloaded": false,
        "filePath": "/storage/emulated/0/Música/Himnario/himnos/115 Bendeciré a Jehová",
        "url": "https://img.solt.gt/himnario/coros/115 Bendeciré a Jehová.mp3"
    },
    {
        "id": "116",
        "title": "116 Tu fidelidad es grande",
        "category": "coros",
        "downloaded": false,
        "filePath": "/storage/emulated/0/Música/Himnario/himnos/116 Tu fidelidad es grande",
        "url": "https://img.solt.gt/himnario/coros/116 Tu fidelidad es grande.mp3"
    },
    {
        "id": "117",
        "title": "117 Bueno es alabarte",
        "category": "coros",
        "downloaded": false,
        "filePath": "/storage/emulated/0/Música/Himnario/himnos/117 Bueno es alabarte",
        "url": "https://img.solt.gt/himnario/coros/117 Bueno es alabarte.mp3"
    },
    {
        "id": "118",
        "title": "118 Venimos ante Ti, Señor",
        "category": "coros",
        "downloaded": false,
        "filePath": "/storage/emulated/0/Música/Himnario/himnos/118 Venimos ante Ti, Señor",
        "url": "https://img.solt.gt/himnario/coros/118 Venimos ante Ti, Señor.mp3"
    },
    {
        "id": "119",
        "title": "119 Nadie te podrá hacer frente",
        "category": "coros",
        "downloaded": false,
        "filePath": "/storage/emulated/0/Música/Himnario/himnos/119 Nadie te podrá hacer frente",
        "url": "https://img.solt.gt/himnario/coros/119 Nadie te podrá hacer frente.mp3"
    },
    {
        "id": "120",
        "title": "120 Vine a alabar a Dios",
        "category": "coros",
        "downloaded": false,
        "filePath": "/storage/emulated/0/Música/Himnario/himnos/120 Vine a alabar a Dios",
        "url": "https://img.solt.gt/himnario/coros/120 Vine a alabar a Dios.mp3"
    },
    {
        "id": "121",
        "title": "121 Alabad a Jehová",
        "category": "coros",
        "downloaded": false,
        "filePath": "/storage/emulated/0/Música/Himnario/himnos/121 Alabad a Jehová",
        "url": "https://img.solt.gt/himnario/coros/121 Alabad a Jehová.mp3"
    },
    {
        "id": "122",
        "title": "122 Tengo un tesoro precioso",
        "category": "coros",
        "downloaded": false,
        "filePath": "/storage/emulated/0/Música/Himnario/himnos/122 Tengo un tesoro precioso",
        "url": "https://img.solt.gt/himnario/coros/122 Tengo un tesoro precioso.mp3"
    },
    {
        "id": "123",
        "title": "123 123 Somos soldaditos",
        "category": "coros",
        "downloaded": false,
        "filePath": "/storage/emulated/0/Música/Himnario/himnos/123 123 Somos soldaditos",
        "url": "https://img.solt.gt/himnario/coros/123 123 Somos soldaditos.mp3"
    },
    {
        "id": "124",
        "title": "124 Un altar encendido para Dios",
        "category": "coros",
        "downloaded": false,
        "filePath": "/storage/emulated/0/Música/Himnario/himnos/124 Un altar encendido para Dios",
        "url": "https://img.solt.gt/himnario/coros/124 Un altar encendido para Dios.mp3"
    },
    {
        "id": "125",
        "title": "125 Yo tengo un Abogado",
        "category": "coros",
        "downloaded": false,
        "filePath": "/storage/emulated/0/Música/Himnario/himnos/125 Yo tengo un Abogado",
        "url": "https://img.solt.gt/himnario/coros/125 Yo tengo un Abogado.mp3"
    },
    {
        "id": "126",
        "title": "126 Renuévame, Señor Jesús",
        "category": "coros",
        "downloaded": false,
        "filePath": "/storage/emulated/0/Música/Himnario/himnos/126 Renuévame, Señor Jesús",
        "url": "https://img.solt.gt/himnario/coros/126 Renuévame, Señor Jesús.mp3"
    },
    {
        "id": "127",
        "title": "127 Los que confían en Jehová",
        "category": "coros",
        "downloaded": false,
        "filePath": "/storage/emulated/0/Música/Himnario/himnos/127 Los que confían en Jehová",
        "url": "https://img.solt.gt/himnario/coros/127 Los que confían en Jehová.mp3"
    },
    {
        "id": "128",
        "title": "128 Los dichos de mi boca",
        "category": "coros",
        "downloaded": false,
        "filePath": "/storage/emulated/0/Música/Himnario/himnos/128 Los dichos de mi boca",
        "url": "https://img.solt.gt/himnario/coros/128 Los dichos de mi boca.mp3"
    },
    {
        "id": "129",
        "title": "129 Damos gracias Señor por el Pan",
        "category": "coros",
        "downloaded": false,
        "filePath": "/storage/emulated/0/Música/Himnario/himnos/129 Damos gracias Señor por el Pan",
        "url": "https://img.solt.gt/himnario/coros/129 Damos gracias Señor por el Pan.mp3"
    },
    {
        "id": "130",
        "title": "130 Padre mío celestial",
        "category": "coros",
        "downloaded": false,
        "filePath": "/storage/emulated/0/Música/Himnario/himnos/130 Padre mío celestial",
        "url": "https://img.solt.gt/himnario/coros/130 Padre mío celestial.mp3"
    },
    {
        "id": "131",
        "title": "131 Marchad oh juventud",
        "category": "coros",
        "downloaded": false,
        "filePath": "/storage/emulated/0/Música/Himnario/himnos/131 Marchad oh juventud",
        "url": "https://img.solt.gt/himnario/coros/131 Marchad oh juventud.mp3"
    },
    {
        "id": "132",
        "title": "132 Acuérdate de tu Creador",
        "category": "coros",
        "downloaded": false,
        "filePath": "/storage/emulated/0/Música/Himnario/himnos/132 Acuérdate de tu Creador",
        "url": "https://img.solt.gt/himnario/coros/132 Acuérdate de tu Creador.mp3"
    },
    {
        "id": "133",
        "title": "133 Ninguno tenga en poco",
        "category": "coros",
        "downloaded": false,
        "filePath": "/storage/emulated/0/Música/Himnario/himnos/133 Ninguno tenga en poco",
        "url": "https://img.solt.gt/himnario/coros/133 Ninguno tenga en poco.mp3"
    },
    {
        "id": "135",
        "title": "135 Cristo dice Dame hoy tu corazón",
        "category": "coros",
        "downloaded": false,
        "filePath": "/storage/emulated/0/Música/Himnario/himnos/135 Cristo dice Dame hoy tu corazón",
        "url": "https://img.solt.gt/himnario/coros/135 Cristo dice Dame hoy tu corazón.mp3"
    },
    {
        "id": "136",
        "title": "136 Los niños muy pequeños",
        "category": "coros",
        "downloaded": false,
        "filePath": "/storage/emulated/0/Música/Himnario/himnos/136 Los niños muy pequeños",
        "url": "https://img.solt.gt/himnario/coros/136 Los niños muy pequeños.mp3"
    },
    {
        "id": "137",
        "title": "137 Edificad día por día",
        "category": "coros",
        "downloaded": false,
        "filePath": "/storage/emulated/0/Música/Himnario/himnos/137 Edificad día por día",
        "url": "https://img.solt.gt/himnario/coros/137 Edificad día por día.mp3"
    },
    {
        "id": "138",
        "title": "138 Cristo os ama",
        "category": "coros",
        "downloaded": false,
        "filePath": "/storage/emulated/0/Música/Himnario/himnos/138 Cristo os ama",
        "url": "https://img.solt.gt/himnario/coros/138 Cristo os ama.mp3"
    },
    {
        "id": "139",
        "title": "139 Feliz es el niño",
        "category": "coros",
        "downloaded": false,
        "filePath": "/storage/emulated/0/Música/Himnario/himnos/139 Feliz es el niño",
        "url": "https://img.solt.gt/himnario/coros/139 Feliz es el niño.mp3"
    },
    {
        "id": "140",
        "title": "140 No quieres ser cristiano",
        "category": "coros",
        "downloaded": false,
        "filePath": "/storage/emulated/0/Música/Himnario/himnos/140 No quieres ser cristiano",
        "url": "https://img.solt.gt/himnario/coros/140 No quieres ser cristiano.mp3"
    },
    {
        "id": "141",
        "title": "141 Dichosos son los niños",
        "category": "coros",
        "downloaded": false,
        "filePath": "/storage/emulated/0/Música/Himnario/himnos/141 Dichosos son los niños",
        "url": "https://img.solt.gt/himnario/coros/141 Dichosos son los niños.mp3"
    },
    {
        "id": "142",
        "title": "142 Jonás no le hizo caso",
        "category": "coros",
        "downloaded": false,
        "filePath": "/storage/emulated/0/Música/Himnario/himnos/142 Jonás no le hizo caso",
        "url": "https://img.solt.gt/himnario/coros/142 Jonás no le hizo caso.mp3"
    },
    {
        "id": "143",
        "title": "143 Oh, niño, Dios te dice",
        "category": "coros",
        "downloaded": false,
        "filePath": "/storage/emulated/0/Música/Himnario/himnos/143 Oh, niño, Dios te dice",
        "url": "https://img.solt.gt/himnario/coros/143 Oh, niño, Dios te dice.mp3"
    },
    {
        "id": "144",
        "title": "144 Solo Cristo ofrece",
        "category": "coros",
        "downloaded": false,
        "filePath": "/storage/emulated/0/Música/Himnario/himnos/144 Solo Cristo ofrece",
        "url": "https://img.solt.gt/himnario/coros/144 Solo Cristo ofrece.mp3"
    },
    {
        "id": "145",
        "title": "145 Gloria sea a Él",
        "category": "coros",
        "downloaded": false,
        "filePath": "/storage/emulated/0/Música/Himnario/himnos/145 Gloria sea a Él",
        "url": "https://img.solt.gt/himnario/coros/145 Gloria sea a Él.mp3"
    }
]